{
	"format_version": "1.21.90",
	"minecraft:item": {
		"description": {
			"identifier": "foods:secret_ingredient",
			"menu_category": {
				"category": "Items",
				"group": "minecraft:itemGroup.name.miscFood"
			}
		},
		"components": {
			"minecraft:max_stack_size": 64,
			"minecraft:icon": "secret_ingredient",
			"minecraft:food": {
				"nutrition": 0,
				"saturation_modifier": 0,
				"can_always_eat": true
			},
			"minecraft:use_modifiers": {
				"movement_modifier": 0.32,
				"use_duration": 1.6
			},
			"minecraft:use_animation": "eat",
			"minecraft:compostable": {
				"composting_chance": 100
			}
		}
	}
}